Store,Date,Weekly_Sales,Holiday_Flag,Temperature,Fuel_Price,CPI,Unemployment
1,05-02-2010,1643690.9,0,42.31,2.572,211.0963582,8.106
1,12-02-2010,1641957.44,1,38.51,2.548,211.2421698,8.106
1,19-02-2010,1611968.17,0,39.93,2.514,211.2891429,

1,05-03-2010,1554806.68,0,46.5,2.625,211.3501429,8.106
1,12-03-2010,1439541.59,0,57.79,2.667,211.3806429,8.106
1,19-03-2010,1472515.79,0,54.58,2.72,211.215635,8.106
1,26-03-2010,1404429.92,0,51.45,2.732,211.0180424,8.106
1,02-04-2010,1594968.28,0,62.27,2.719,210.8204499,7.808
1,09-04-2010,1545418.53,0,65.86,2.77,210.6228574,7.808
1,16-04-2010,1466058.28,0,66.32,2.808,210.4887,7.808

1,30-04-2010,1425100.71,0,67.41,2.78,210.3895456,
1,07-05-2010,1603955.12,0,72.55,2.835,210.3399684,7.808
1,14-05-2010,1494251.5,0,74.78,2.854,210.3374261,7.808
1,21-05-2010,1399662.07,0,76.44,2.826,210.6170934,7.808
1,28-05-2010,1432069.95,0,80.44,2.759,210.8967606,7.808
1,04-06-2010,1615524.71,0,80.69,2.705,211.1764278,7.808
1,11-06-2010,1542561.09,0,80.43,2.668,211.4560951,7.808
1,18-06-2010,1503284.06,0,84.11,2.637,211.4537719,7.808
1,25-06-2010,1422711.6,0,84.34,2.653,211.3386526,7.808
1,02-07-2010,1492418.14,0,80.91,2.669,211.2235333,7.787
1,09-07-2010,1546074.18,0,80.48,2.642,211.108414,7.787
1,16-07-2010,1448938.92,0,83.15,2.623,211.1003854,7.787
1,23-07-2010,1385065.2,0,83.36,2.608,211.2351443,7.787
1,30-07-2010,1371986.6,0,81.84,2.64,211.3699032,7.787
1,06-08-2010,1605491.78,0,87.16,2.627,211.5046621,7.787
1,13-08-2010,1508237.76,0,87,2.692,211.6394211,7.787
1,20-08-2010,1513080.49,0,86.65,2.664,211.6033633,7.787
1,27-08-2010,1449142.92,0,85.22,2.619,211.5673056,7.787
1,03-09-2010,1540163.53,0,81.21,2.577,211.5312479,7.787
1,10-09-2010,1507460.69,1,78.69,2.565,211.4951902,7.787
1,17-09-2010,1430378.67,0,82.11,2.582,211.5224596,7.787
1,24-09-2010,1351791.03,0,80.94,2.624,211.5972246,7.787
1,01-10-2010,1453329.5,0,71.89,2.603,211.6719895,7.838
1,08-10-2010,1508239.93,0,63.93,2.633,211.7467544,7.838
1,15-10-2010,1459409.1,0,67.18,2.72,211.8137436,7.838
1,22-10-2010,1345454,0,69.86,2.725,211.8612937,7.838
1,29-10-2010,1384209.22,0,69.64,2.716,211.9088438,7.838
1,05-11-2010,1551659.28,0,58.74,2.689,211.9563939,7.838
1,12-11-2010,1494479.49,0,59.61,2.728,212.003944,7.838
1,19-11-2010,1483784.18,0,51.41,2.771,211.8896737,7.838
1,26-11-2010,1955624.11,1,64.52,2.735,211.7484333,7.838
1,03-12-2010,1548033.78,0,49.27,2.708,211.607193,7.838
1,10-12-2010,1682614.26,0,46.33,2.843,211.4659526,7.838
1,17-12-2010,1891034.93,0,49.84,2.869,211.4053124,7.838
1,24-12-2010,2387950.2,0,52.33,2.886,211.4051222,7.838

1,07-01-2011,1444732.28,0,48.27,2.976,211.4047419,7.742
1,14-01-2011,1391013.96,0,35.4,2.983,211.4574109,7.742
1,21-01-2011,1327405.42,0,44.04,3.016,211.8272343,7.742
1,28-01-2011,1316899.31,0,43.83,3.01,212.1970577,7.742
1,04-02-2011,1606629.58,0,42.27,2.989,212.5668812,7.742
1,11-02-2011,1649614.93,1,36.39,3.022,212.9367046,7.742
1,18-02-2011,1686842.78,0,57.36,3.045,213.2478853,7.742
1,25-02-2011,1456800.28,0,62.9,3.065,213.535609,7.742
1,04-03-2011,1636263.41,0,59.58,3.288,213.8233327,7.742
1,11-03-2011,1553191.63,0,53.56,3.459,214.1110564,7.742
1,18-03-2011,1576818.06,0,62.76,3.488,214.3627114,7.742
1,25-03-2011,1541102.38,0,69.97,3.473,214.5999389,7.742
1,01-04-2011,1495064.75,0,59.17,3.524,214.8371664,7.682
1,08-04-2011,1614259.35,0,67.84,3.622,215.0743939,7.682
1,15-04-2011,1559889,0,71.27,3.743,215.2918561,7.682
1,22-04-2011,1564819.81,0,72.99,3.807,215.4599053,7.682
1,29-04-2011,1455090.69,0,72.03,3.81,215.6279544,7.682
1,06-05-2011,1629391.28,0,64.61,3.906,215.7960035,7.682
1,13-05-2011,1604775.58,0,75.64,3.899,215.9640526,7.682
1,20-05-2011,1428218.27,0,67.63,3.907,215.7339202,7.682
1,27-05-2011,1466046.67,0,77.72,3.786,215.5037878,7.682
1,03-06-2011,1635078.41,0,83,3.699,215.2736553,7.682
1,10-06-2011,1588948.32,0,83.13,3.648,215.0435229,7.682
1,17-06-2011,1532114.86,0,86.41,3.637,214.9980596,7.682
1,24-06-2011,1438830.15,0,83.58,3.594,215.0910982,7.682
1,01-07-2011,1488538.09,0,85.55,3.524,215.1841368,7.962
1,08-07-2011,1534849.64,0,85.83,3.48,215.2771754,7.962
1,15-07-2011,1455119.97,0,88.54,3.575,215.3611087,7.962
1,22-07-2011,1396926.82,0,85.77,3.651,215.4222784,7.962
1,29-07-2011,1352219.79,0,86.83,3.682,215.4834482,7.962
1,05-08-2011,1624383.75,0,91.65,3.684,215.544618,7.962
1,12-08-2011,1525147.09,0,90.76,3.638,215.6057878,7.962
1,19-08-2011,1530761.43,0,89.94,3.554,215.6693107,7.962
1,26-08-2011,1464693.46,0,87.96,3.523,215.7332258,7.962
1,02-09-2011,1550229.22,0,87.83,3.533,215.7971409,7.962
1,09-09-2011,1540471.24,1,76,3.546,215.861056,7.962
1,16-09-2011,1514259.78,0,79.94,3.526,216.0410526,7.962
1,23-09-2011,1380020.27,0,75.8,3.467,216.3758246,7.962
1,30-09-2011,1394561.83,0,79.69,3.355,216.7105965,7.962
1,07-10-2011,1630989.95,0,69.31,3.285,217.0453684,7.866
1,14-10-2011,1493525.93,0,71.74,3.274,217.3552733,7.866
1,21-10-2011,1502562.78,0,63.71,3.353,217.5159762,7.866
1,28-10-2011,1445249.09,0,66.57,3.372,217.6766791,7.866
1,04-11-2011,1697229.58,0,54.98,3.332,217.837382,7.866
1,11-11-2011,1594938.89,0,59.11,3.297,217.9980849,7.866
1,18-11-2011,1539483.7,0,62.25,3.308,218.2205088,7.866
1,25-11-2011,2033320.66,1,60.14,3.236,218.4676211,7.866
1,09-12-2011,1799682.38,0,43.93,3.158,218.9618456,7.866
1,16-12-2011,1881176.67,0,51.63,3.159,219.1794533,7.866
1,23-12-2011,2270188.99,0,47.96,3.112,219.3577216,7.866